,military,water,food,shelter,clothing,money,missing_people,refugees,death,other_aid,infrastructure_related,transport,buildings,electricity,hospitals,aid_centers,other_infrastructure,weather_related,floods,storm
0,0.967724173,0.9359566267,0.8880935237,0.9111779406,0.9848362912,0.9764920158,0.9886907535,0.9665381846,0.9540853065,0.8692447795,0.9358719133,0.9545088737,0.949002499,0.9792875598,0.9895802448,0.9884366132,0.95649964,0.7213774408,0.9180397306,0.9068151976
1,0.032275827,0.0640433733,0.1119064763,0.0888220594,0.0151637088,0.0235079842,0.0113092465,0.0334618154,0.0459146935,0.1307552205,0.0641280867,0.0454911263,0.050997501,0.0207124402,0.0104197552,0.0115633868,0.04350036,0.2786225592,0.0819602694,0.0931848024
